Workbook

Sheet Inputs
A1: 2007.HK distressed NAV recovery waterfall
A2: Share price (HKD) | B2: 0.172
A3: HKD per CNY | B3: 1.1724
A4: Cost of equity % | B4: 13
A5: Hurdle % | B5: 15
A6: Years to exit | B6: 3.21
A7: Basic shares (m) | B7: 46329.959
A8: MCB(A) max (m) | B8: 11158.292
A9: MCB(B) max (m) | B9: 331.31937
A10: SCA warrants max (m) | B10: 755.97982
A11: Equitisation shares remaining (m) | B11: 9417.4213
A12: Fully diluted shares (m) | B12: =SUM(B7:B11)
A13: Owners' equity 30-Jun-26 (RMB m) | B13: -12184
A14: FVTPL equity claims (RMB m) | B14: 2815
A15: Diluted owners' NAV (RMB m) | B15: =B13+B14

Sheet Scenarios
A1: Item | B1: Bear | C1: Base | D1: Bull
A2: Run-off losses ex-gains (RMB m) | B2: 0 | C2: -55000 | D2: -35000
A3: Compromise gains (RMB m) | B3: 0 | C3: 75000 | D3: 90000
A4: Exit owners' NAV (RMB m) | B4: 0 | C4: =Inputs!$B$15+C2+C3 | D4: =Inputs!$B$15+D2+D3
A5: Exit P/B | B5: 0 | C5: 0.3 | D5: 0.5
A6: Exit equity (RMB m) | B6: =MAX(0,B4)*B5 | C6: =MAX(0,C4)*C5 | D6: =MAX(0,D4)*D5
A7: PV at CoE (RMB m) | B7: =B6/(1+Inputs!$B$4/100)^Inputs!$B$6 | C7: =C6/(1+Inputs!$B$4/100)^Inputs!$B$6 | D7: =D6/(1+Inputs!$B$4/100)^Inputs!$B$6
A8: IV HKD/share | B8: =B7/Inputs!$B$12*Inputs!$B$3 | C8: =C7/Inputs!$B$12*Inputs!$B$3 | D8: =D7/Inputs!$B$12*Inputs!$B$3
A9: Upside % | B9: =(B8/Inputs!$B$2-1)*100 | C9: =(C8/Inputs!$B$2-1)*100 | D9: =(D8/Inputs!$B$2-1)*100
A10: Entry @ hurdle HKD/share | B10: =B6/(1+Inputs!$B$5/100)^Inputs!$B$6/Inputs!$B$12*Inputs!$B$3 | C10: =C6/(1+Inputs!$B$5/100)^Inputs!$B$6/Inputs!$B$12*Inputs!$B$3 | D10: =D6/(1+Inputs!$B$5/100)^Inputs!$B$6/Inputs!$B$12*Inputs!$B$3
A11: Weight | B11: 0.4 | C11: 0.45 | D11: 0.15
A13: Weighted IV HKD/share | B13: =SUMPRODUCT(B8:D8,B11:D11)
A14: Weighted entry HKD/share | B14: =SUMPRODUCT(B10:D10,B11:D11)

Sheet Sensitivity
A1: Base IV HKD/share: exit NAV (rows, RMB m) x exit P/B (cols)
B2: 0.2 | C2: 0.3 | D2: 0.4 | E2: 0.5 | F2: 0.7
A3: -10000 | B3: =MAX(0,$A3)*B$2/(1+Inputs!$B$4/100)^Inputs!$B$6/Inputs!$B$12*Inputs!$B$3 | C3: =MAX(0,$A3)*C$2/(1+Inputs!$B$4/100)^Inputs!$B$6/Inputs!$B$12*Inputs!$B$3 | D3: =MAX(0,$A3)*D$2/(1+Inputs!$B$4/100)^Inputs!$B$6/Inputs!$B$12*Inputs!$B$3 | E3: =MAX(0,$A3)*E$2/(1+Inputs!$B$4/100)^Inputs!$B$6/Inputs!$B$12*Inputs!$B$3 | F3: =MAX(0,$A3)*F$2/(1+Inputs!$B$4/100)^Inputs!$B$6/Inputs!$B$12*Inputs!$B$3
A4: 0 | B4: =MAX(0,$A4)*B$2/(1+Inputs!$B$4/100)^Inputs!$B$6/Inputs!$B$12*Inputs!$B$3 | C4: =MAX(0,$A4)*C$2/(1+Inputs!$B$4/100)^Inputs!$B$6/Inputs!$B$12*Inputs!$B$3 | D4: =MAX(0,$A4)*D$2/(1+Inputs!$B$4/100)^Inputs!$B$6/Inputs!$B$12*Inputs!$B$3 | E4: =MAX(0,$A4)*E$2/(1+Inputs!$B$4/100)^Inputs!$B$6/Inputs!$B$12*Inputs!$B$3 | F4: =MAX(0,$A4)*F$2/(1+Inputs!$B$4/100)^Inputs!$B$6/Inputs!$B$12*Inputs!$B$3
A5: 10000 | B5: =MAX(0,$A5)*B$2/(1+Inputs!$B$4/100)^Inputs!$B$6/Inputs!$B$12*Inputs!$B$3 | C5: =MAX(0,$A5)*C$2/(1+Inputs!$B$4/100)^Inputs!$B$6/Inputs!$B$12*Inputs!$B$3 | D5: =MAX(0,$A5)*D$2/(1+Inputs!$B$4/100)^Inputs!$B$6/Inputs!$B$12*Inputs!$B$3 | E5: =MAX(0,$A5)*E$2/(1+Inputs!$B$4/100)^Inputs!$B$6/Inputs!$B$12*Inputs!$B$3 | F5: =MAX(0,$A5)*F$2/(1+Inputs!$B$4/100)^Inputs!$B$6/Inputs!$B$12*Inputs!$B$3
A6: 25000 | B6: =MAX(0,$A6)*B$2/(1+Inputs!$B$4/100)^Inputs!$B$6/Inputs!$B$12*Inputs!$B$3 | C6: =MAX(0,$A6)*C$2/(1+Inputs!$B$4/100)^Inputs!$B$6/Inputs!$B$12*Inputs!$B$3 | D6: =MAX(0,$A6)*D$2/(1+Inputs!$B$4/100)^Inputs!$B$6/Inputs!$B$12*Inputs!$B$3 | E6: =MAX(0,$A6)*E$2/(1+Inputs!$B$4/100)^Inputs!$B$6/Inputs!$B$12*Inputs!$B$3 | F6: =MAX(0,$A6)*F$2/(1+Inputs!$B$4/100)^Inputs!$B$6/Inputs!$B$12*Inputs!$B$3
A7: 45000 | B7: =MAX(0,$A7)*B$2/(1+Inputs!$B$4/100)^Inputs!$B$6/Inputs!$B$12*Inputs!$B$3 | C7: =MAX(0,$A7)*C$2/(1+Inputs!$B$4/100)^Inputs!$B$6/Inputs!$B$12*Inputs!$B$3 | D7: =MAX(0,$A7)*D$2/(1+Inputs!$B$4/100)^Inputs!$B$6/Inputs!$B$12*Inputs!$B$3 | E7: =MAX(0,$A7)*E$2/(1+Inputs!$B$4/100)^Inputs!$B$6/Inputs!$B$12*Inputs!$B$3 | F7: =MAX(0,$A7)*F$2/(1+Inputs!$B$4/100)^Inputs!$B$6/Inputs!$B$12*Inputs!$B$3
